participant_id,timestamp,language,row_type,age_band,gender,education,ai_use_freq,law_familiarity,native_language,order_position,scenario_key,scenario_title,risk_level,condition,confidence_shown,is_probe,t_reliable,t_accurate,t_confident,t_wary,t_source,t_understand,t_use,t_rely,attention_check,attention_pass,manip_notice,manip_most_trusted,reflect_open,comment
20260603154749602652,2026-06-03 15:54:23,en,scenario,18–24,Male,Bachelor's degree,Daily,3,Maltese,1.0,probe,Lending Your Car,medium,RAG + Transparency,Low,1.0,3.0,4.0,3.0,2.0,3.0,5.0,4.0,3.0,,,,,,
20260603154749602652,2026-06-03 15:56:51,en,scenario,18–24,Male,Bachelor's degree,Daily,3,Maltese,2.0,speed,Speed Limits,low,RAG + Transparency,High,0.0,5.0,5.0,4.0,2.0,5.0,4.0,4.0,4.0,,,,,,
20260603154749602652,2026-06-03 15:58:07,en,scenario,18–24,Male,Bachelor's degree,Daily,3,Maltese,3.0,alcohol,Breath Test & Alcohol Limit,high,RAG (no transparency),,0.0,3.0,3.0,2.0,2.0,1.0,3.0,3.0,3.0,,,,,,
20260603154749602652,2026-06-03 15:59:36,en,scenario,18–24,Male,Bachelor's degree,Daily,3,Maltese,4.0,points,Penalty Points,medium,Baseline,,0.0,4.0,4.0,3.0,3.0,1.0,3.0,3.0,3.0,,,,,,
20260603154749602652,2026-06-03 16:00:31,en,final,18–24,Male,Bachelor's degree,Daily,3,Maltese,,,,,,,,,,,,,,,,"Yes, clearly",Answers that showed sources and confidence,The fact that it used references put my mind more in ease,,,
20260603161930063324,2026-06-03 16:59:33,en,scenario,18–24,Male,Bachelor's degree,Daily,2,English,1.0,alcohol,Breath Test & Alcohol Limit,high,Baseline,,0.0,3.0,2.0,2.0,3.0,1.0,2.0,2.0,2.0,,,,,,
20260603161930063324,2026-06-03 17:00:39,en,scenario,18–24,Male,Bachelor's degree,Daily,2,English,2.0,speed,Speed Limits,low,RAG (no transparency),,0.0,3.0,3.0,3.0,3.0,3.0,3.0,3.0,3.0,,,,,,
20260603161930063324,2026-06-03 17:01:26,en,scenario,18–24,Male,Bachelor's degree,Daily,2,English,3.0,points,Penalty Points,medium,RAG + Transparency,High,0.0,5.0,5.0,5.0,1.0,4.0,4.0,4.0,4.0,,,,,,
20260603161930063324,2026-06-03 17:03:56,en,scenario,18–24,Male,Bachelor's degree,Daily,2,English,4.0,probe,Lending Your Car,medium,RAG + Transparency,Low,1.0,3.0,3.0,3.0,3.0,3.0,3.0,3.0,3.0,,,,,,
20260603161930063324,2026-06-03 17:04:12,en,final,18–24,Male,Bachelor's degree,Daily,2,English,,,,,,,,,,,,,,,,"Yes, clearly",Answers that showed sources and confidence,,,,
20260603171343636190,2026-06-03 17:14:42,en,scenario,25–34,Male,Bachelor's degree,Weekly,2,English,1.0,speed,Speed Limits,low,Baseline,,0.0,3.0,3.0,3.0,2.0,3.0,3.0,3.0,2.0,,,,,,
20260603171343636190,2026-06-03 17:15:23,en,scenario,25–34,Male,Bachelor's degree,Weekly,2,English,2.0,alcohol,Breath Test & Alcohol Limit,high,RAG (no transparency),,0.0,4.0,3.0,3.0,2.0,2.0,3.0,3.0,3.0,,,,,,
20260603171343636190,2026-06-03 17:15:55,en,scenario,25–34,Male,Bachelor's degree,Weekly,2,English,3.0,points,Penalty Points,medium,RAG + Transparency,High,0.0,5.0,5.0,5.0,1.0,5.0,5.0,5.0,5.0,,,,,,
20260603171343636190,2026-06-03 17:17:57,en,scenario,25–34,Male,Bachelor's degree,Weekly,2,English,4.0,probe,Lending Your Car,medium,RAG + Transparency,Low,1.0,3.0,3.0,3.0,3.0,3.0,3.0,3.0,3.0,,,,,,
20260603171343636190,2026-06-03 17:19:36,en,final,25–34,Male,Bachelor's degree,Weekly,2,English,,,,,,,,,,,,,,,,"Yes, somewhat",Answers that showed sources and confidence,,,,
20260603171947811849,2026-06-03 17:21:14,en,scenario,45–54,Male,Master's or higher,Weekly,1,English,1.0,alcohol,Breath Test & Alcohol Limit,high,Baseline,,0.0,3.0,3.0,3.0,2.0,3.0,3.0,3.0,3.0,,,,,,
20260603171947811849,2026-06-03 17:22:10,en,scenario,45–54,Male,Master's or higher,Weekly,1,English,2.0,speed,Speed Limits,low,RAG (no transparency),,0.0,4.0,4.0,4.0,2.0,2.0,3.0,3.0,3.0,,,,,,
20260603171947811849,2026-06-03 17:22:49,en,scenario,45–54,Male,Master's or higher,Weekly,1,English,3.0,points,Penalty Points,medium,RAG + Transparency,High,0.0,5.0,5.0,4.0,1.0,4.0,4.0,4.0,4.0,,,,,,
20260603171947811849,2026-06-03 17:23:47,en,scenario,45–54,Male,Master's or higher,Weekly,1,English,4.0,probe,Lending Your Car,medium,RAG + Transparency,Low,1.0,3.0,3.0,3.0,2.0,3.0,3.0,3.0,3.0,,,,,,
20260603171947811849,2026-06-03 17:23:55,en,final,45–54,Male,Master's or higher,Weekly,1,English,,,,,,,,,,,,,,,,"Yes, clearly",Answers that showed sources and confidence,,,,
20260603172759490593,2026-06-03 17:30:27,en,scenario,35–44,Female,Master's or higher,Daily,2,Both equally,1.0,alcohol,Breath Test & Alcohol Limit,high,Baseline,,0.0,4.0,3.0,3.0,3.0,3.0,3.0,3.0,3.0,,,,,,
20260603172759490593,2026-06-03 17:30:41,en,scenario,35–44,Female,Master's or higher,Daily,2,Both equally,2.0,speed,Speed Limits,low,RAG (no transparency),,0.0,3.0,3.0,3.0,3.0,3.0,3.0,3.0,3.0,,,,,,
20260603172759490593,2026-06-03 17:31:00,en,scenario,35–44,Female,Master's or higher,Daily,2,Both equally,3.0,points,Penalty Points,medium,RAG + Transparency,High,0.0,5.0,5.0,5.0,5.0,5.0,5.0,5.0,5.0,,,,,,
20260603172759490593,2026-06-03 17:32:15,en,scenario,35–44,Female,Master's or higher,Daily,2,Both equally,4.0,probe,Lending Your Car,medium,RAG + Transparency,Low,1.0,3.0,3.0,3.0,3.0,3.0,3.0,3.0,3.0,,,,,,
20260603172759490593,2026-06-03 17:32:22,en,final,35–44,Female,Master's or higher,Daily,2,Both equally,,,,,,,,,,,,,,,,"Yes, clearly",Answers that showed sources and confidence,,,,
20260603173951945168,2026-06-03 17:45:46,en,scenario,45–54,Male,Post-secondary / MCAST / Sixth Form,Rarely,4,Both equally,1.0,points,Penalty Points,medium,Baseline,,0.0,3.0,3.0,3.0,3.0,3.0,3.0,3.0,3.0,,,,,,
20260603173951945168,2026-06-03 17:46:08,en,scenario,45–54,Male,Post-secondary / MCAST / Sixth Form,Rarely,4,Both equally,2.0,alcohol,Breath Test & Alcohol Limit,high,RAG (no transparency),,0.0,3.0,3.0,3.0,3.0,3.0,3.0,3.0,3.0,,,,,,
20260603173951945168,2026-06-03 17:50:40,en,scenario,45–54,Male,Post-secondary / MCAST / Sixth Form,Rarely,4,Both equally,3.0,speed,Speed Limits,low,RAG + Transparency,High,0.0,4.0,4.0,4.0,1.0,5.0,4.0,4.0,4.0,,,,,,
20260603173951945168,2026-06-03 17:51:33,en,scenario,45–54,Male,Post-secondary / MCAST / Sixth Form,Rarely,4,Both equally,4.0,probe,Lending Your Car,medium,RAG + Transparency,Low,1.0,3.0,3.0,3.0,3.0,3.0,3.0,3.0,3.0,,,,,,
20260603173951945168,2026-06-03 17:51:40,en,final,45–54,Male,Post-secondary / MCAST / Sixth Form,Rarely,4,Both equally,,,,,,,,,,,,,,,,"Yes, clearly",Answers that showed sources and confidence,,,,
20260603175517272618,2026-06-03 17:56:42,en,scenario,18–24,Male,Post-secondary / MCAST / Sixth Form,Daily,3,English,1.0,points,Penalty Points,medium,RAG (no transparency),,0.0,3.0,3.0,3.0,3.0,3.0,3.0,3.0,3.0,,,,,,
20260603175517272618,2026-06-03 17:58:20,en,scenario,18–24,Male,Post-secondary / MCAST / Sixth Form,Daily,3,English,2.0,speed,Speed Limits,low,Baseline,,0.0,3.0,3.0,3.0,3.0,3.0,3.0,3.0,3.0,,,,,,
20260603175517272618,2026-06-03 17:58:45,en,scenario,18–24,Male,Post-secondary / MCAST / Sixth Form,Daily,3,English,3.0,alcohol,Breath Test & Alcohol Limit,high,RAG + Transparency,High,0.0,5.0,5.0,5.0,1.0,5.0,5.0,5.0,4.0,,,,,,
20260603175517272618,2026-06-03 18:02:49,en,scenario,18–24,Male,Post-secondary / MCAST / Sixth Form,Daily,3,English,4.0,probe,Lending Your Car,medium,RAG + Transparency,Low,1.0,4.0,3.0,3.0,1.0,3.0,3.0,3.0,3.0,,,,,,
20260603175517272618,2026-06-03 18:02:55,en,final,18–24,Male,Post-secondary / MCAST / Sixth Form,Daily,3,English,,,,,,,,,,,,,,,,"Yes, clearly",Answers that showed sources and confidence,,,,
20260603184319192952,2026-06-03 18:45:39,en,scenario,18–24,Male,Bachelor's degree,Daily,1,Both equally,1.0,speed,Speed Limits,low,Baseline,,0.0,3.0,3.0,3.0,3.0,3.0,3.0,3.0,3.0,,,,,,
20260603184319192952,2026-06-03 18:45:56,en,scenario,18–24,Male,Bachelor's degree,Daily,1,Both equally,2.0,alcohol,Breath Test & Alcohol Limit,high,RAG (no transparency),,0.0,3.0,3.0,3.0,3.0,3.0,3.0,3.0,3.0,,,,,,
20260603184319192952,2026-06-03 18:48:10,en,scenario,18–24,Male,Bachelor's degree,Daily,1,Both equally,3.0,points,Penalty Points,medium,RAG + Transparency,High,0.0,5.0,5.0,3.0,2.0,5.0,5.0,5.0,4.0,,,,,,
20260603184319192952,2026-06-03 18:48:38,en,scenario,18–24,Male,Bachelor's degree,Daily,1,Both equally,4.0,probe,Lending Your Car,medium,RAG + Transparency,Low,1.0,3.0,3.0,3.0,3.0,3.0,4.0,3.0,3.0,,,,,,
20260603184319192952,2026-06-03 18:48:45,en,final,18–24,Male,Bachelor's degree,Daily,1,Both equally,,,,,,,,,,,,,,,,"Yes, clearly",Answers that showed sources and confidence,,,,
20260603184838191422,2026-06-03 18:49:35,en,scenario,25–34,Female,Bachelor's degree,Daily,3,English,1.0,points,Penalty Points,medium,RAG (no transparency),,0.0,5.0,4.0,4.0,2.0,3.0,3.0,3.0,3.0,,,,,,
20260603184838191422,2026-06-03 18:50:14,en,scenario,25–34,Female,Bachelor's degree,Daily,3,English,2.0,speed,Speed Limits,low,Baseline,,0.0,4.0,4.0,4.0,2.0,3.0,4.0,4.0,4.0,,,,,,
20260603184838191422,2026-06-03 18:50:40,en,scenario,25–34,Female,Bachelor's degree,Daily,3,English,3.0,alcohol,Breath Test & Alcohol Limit,high,RAG + Transparency,High,0.0,5.0,5.0,4.0,4.0,4.0,3.0,4.0,4.0,,,,,,
20260603184838191422,2026-06-03 18:51:00,en,scenario,25–34,Female,Bachelor's degree,Daily,3,English,4.0,probe,Lending Your Car,medium,RAG + Transparency,Low,1.0,5.0,5.0,4.0,3.0,3.0,4.0,4.0,4.0,,,,,,
20260603184838191422,2026-06-03 18:51:28,en,final,25–34,Female,Bachelor's degree,Daily,3,English,,,,,,,,,,,,,,,,"Yes, somewhat",I trusted them about the same,,,,
20260603185058026488,2026-06-03 18:53:30,en,scenario,18–24,Other,Bachelor's degree,Rarely,1,Both equally,1.0,speed,Speed Limits,low,RAG (no transparency),,0.0,4.0,4.0,4.0,2.0,2.0,3.0,3.0,3.0,,,,,,
20260603185058026488,2026-06-03 18:53:46,en,scenario,18–24,Other,Bachelor's degree,Rarely,1,Both equally,2.0,alcohol,Breath Test & Alcohol Limit,high,Baseline,,0.0,4.0,4.0,4.0,2.0,2.0,3.0,3.0,3.0,,,,,,
20260603185058026488,2026-06-03 18:54:28,en,scenario,18–24,Other,Bachelor's degree,Rarely,1,Both equally,3.0,probe,Lending Your Car,medium,RAG + Transparency,Low,1.0,3.0,3.0,3.0,2.0,3.0,3.0,3.0,3.0,,,,,,
20260603185058026488,2026-06-03 18:54:59,en,scenario,18–24,Other,Bachelor's degree,Rarely,1,Both equally,4.0,points,Penalty Points,medium,RAG + Transparency,High,0.0,5.0,5.0,5.0,1.0,5.0,5.0,5.0,5.0,,,,,,
20260603185058026488,2026-06-03 18:55:07,en,final,18–24,Other,Bachelor's degree,Rarely,1,Both equally,,,,,,,,,,,,,,,,"Yes, clearly",Answers that showed sources and confidence,,,,
20260603185611523005,2026-06-03 18:57:18,en,scenario,35–44,Male,Post-secondary / MCAST / Sixth Form,Never,4,Both equally,1.0,alcohol,Breath Test & Alcohol Limit,high,RAG (no transparency),,0.0,3.0,3.0,3.0,2.0,1.0,3.0,3.0,3.0,,,,,,
20260603185610443345,2026-06-03 18:59:08,en,scenario,45–54,Female,Bachelor's degree,Daily,4,Other,1.0,alcohol,Breath Test & Alcohol Limit,high,RAG (no transparency),,0.0,4.0,4.0,3.0,3.0,4.0,4.0,3.0,3.0,,,,,,
20260603185610443345,2026-06-03 19:00:32,en,scenario,45–54,Female,Bachelor's degree,Daily,4,Other,2.0,points,Penalty Points,medium,Baseline,,0.0,4.0,3.0,3.0,4.0,3.0,3.0,3.0,3.0,,,,,,
20260603185610443345,2026-06-03 19:02:58,en,scenario,45–54,Female,Bachelor's degree,Daily,4,Other,3.0,speed,Speed Limits,low,RAG + Transparency,High,0.0,4.0,3.0,4.0,3.0,4.0,4.0,2.0,2.0,,,,,,
20260603185610443345,2026-06-03 19:04:38,en,scenario,45–54,Female,Bachelor's degree,Daily,4,Other,4.0,probe,Lending Your Car,medium,RAG + Transparency,Low,1.0,2.0,2.0,3.0,3.0,2.0,3.0,2.0,4.0,,,,,,
20260603185610443345,2026-06-03 19:05:08,en,final,45–54,Female,Bachelor's degree,Daily,4,Other,,,,,,,,,,,,,,,,"Yes, somewhat",Answers that showed sources and confidence,,,,
20260603190541073470,2026-06-03 19:08:02,en,scenario,35–44,Male,Master's or higher,Daily,3,English,1.0,alcohol,Breath Test & Alcohol Limit,high,Baseline,,0.0,4.0,4.0,5.0,2.0,3.0,3.0,3.0,1.0,,,,,,
20260603190541073470,2026-06-03 19:10:52,en,scenario,35–44,Male,Master's or higher,Daily,3,English,2.0,points,Penalty Points,medium,RAG (no transparency),,0.0,4.0,4.0,3.0,4.0,3.0,3.0,2.0,1.0,,,,,,
20260603185611523005,2026-06-03 19:12:05,en,scenario,35–44,Male,Post-secondary / MCAST / Sixth Form,Never,4,Both equally,2.0,points,Penalty Points,medium,Baseline,,0.0,3.0,3.0,2.0,2.0,2.0,2.0,2.0,2.0,,,,,,
20260603185611523005,2026-06-03 19:12:37,en,scenario,35–44,Male,Post-secondary / MCAST / Sixth Form,Never,4,Both equally,3.0,speed,Speed Limits,low,RAG + Transparency,High,0.0,5.0,5.0,5.0,2.0,2.0,2.0,2.0,2.0,,,,,,
20260603185611523005,2026-06-03 19:13:17,en,scenario,35–44,Male,Post-secondary / MCAST / Sixth Form,Never,4,Both equally,4.0,probe,Lending Your Car,medium,RAG + Transparency,Low,1.0,3.0,3.0,3.0,1.0,3.0,3.0,3.0,3.0,,,,,,
20260603185611523005,2026-06-03 19:14:19,en,final,35–44,Male,Post-secondary / MCAST / Sixth Form,Never,4,Both equally,,,,,,,,,,,,,,,,"Yes, clearly",Answers that showed sources and confidence,,,,
20260603190541073470,2026-06-03 19:15:33,en,scenario,35–44,Male,Master's or higher,Daily,3,English,3.0,probe,Lending Your Car,medium,RAG + Transparency,Low,1.0,5.0,2.0,2.0,5.0,3.0,2.0,1.0,1.0,,,,,,
20260603191534952819,2026-06-03 19:16:37,en,scenario,25–34,Male,Bachelor's degree,Daily,1,Both equally,1.0,points,Penalty Points,medium,Baseline,,0.0,3.0,3.0,3.0,3.0,3.0,3.0,3.0,3.0,,,,,,
20260603191534952819,2026-06-03 19:16:50,en,scenario,25–34,Male,Bachelor's degree,Daily,1,Both equally,2.0,alcohol,Breath Test & Alcohol Limit,high,RAG (no transparency),,0.0,3.0,3.0,3.0,3.0,3.0,3.0,3.0,3.0,,,,,,
20260603191534952819,2026-06-03 19:17:30,en,scenario,25–34,Male,Bachelor's degree,Daily,1,Both equally,3.0,probe,Lending Your Car,medium,RAG + Transparency,Low,1.0,3.0,3.0,3.0,3.0,3.0,3.0,3.0,3.0,,,,,,
20260603191534952819,2026-06-03 19:17:49,en,scenario,25–34,Male,Bachelor's degree,Daily,1,Both equally,4.0,speed,Speed Limits,low,RAG + Transparency,High,0.0,5.0,5.0,5.0,1.0,5.0,5.0,5.0,5.0,,,,,,
20260603191534952819,2026-06-03 19:17:56,en,final,25–34,Male,Bachelor's degree,Daily,1,Both equally,,,,,,,,,,,,,,,,"Yes, clearly",Answers that showed sources and confidence,,,,
20260603190541073470,2026-06-03 19:18:06,en,scenario,35–44,Male,Master's or higher,Daily,3,English,4.0,speed,Speed Limits,low,RAG + Transparency,High,0.0,4.0,3.0,4.0,3.0,2.0,2.0,1.0,5.0,,,,,,
20260603190541073470,2026-06-03 19:18:37,en,final,35–44,Male,Master's or higher,Daily,3,English,,,,,,,,,,,,,,,,"Yes, somewhat",Answers that showed sources and confidence,,,,
20260603191914843664,2026-06-03 19:20:06,en,scenario,25–34,Female,Master's or higher,Monthly,3,English,1.0,points,Penalty Points,medium,Baseline,,0.0,3.0,2.0,3.0,2.0,1.0,3.0,3.0,3.0,,,,,,
20260603191914843664,2026-06-03 19:20:32,en,scenario,25–34,Female,Master's or higher,Monthly,3,English,2.0,alcohol,Breath Test & Alcohol Limit,high,RAG (no transparency),,0.0,3.0,3.0,2.0,2.0,1.0,2.0,3.0,3.0,,,,,,
20260603191914843664,2026-06-03 19:21:22,en,scenario,25–34,Female,Master's or higher,Monthly,3,English,3.0,speed,Speed Limits,low,RAG + Transparency,High,0.0,5.0,5.0,4.0,2.0,4.0,4.0,4.0,4.0,,,,,,
20260603191914843664,2026-06-03 19:22:28,en,scenario,25–34,Female,Master's or higher,Monthly,3,English,4.0,probe,Lending Your Car,medium,RAG + Transparency,Low,1.0,3.0,3.0,2.0,2.0,2.0,2.0,2.0,2.0,,,,,,
20260603191912665026,2026-06-03 19:22:39,en,scenario,25–34,Prefer not to say,Post-secondary / MCAST / Sixth Form,Weekly,3,Other,1.0,alcohol,Breath Test & Alcohol Limit,high,Baseline,,0.0,5.0,5.0,4.0,2.0,4.0,4.0,4.0,4.0,,,,,,
20260603191914843664,2026-06-03 19:23:11,en,final,25–34,Female,Master's or higher,Monthly,3,English,,,,,,,,,,,,,,,,"Yes, somewhat",Answers that showed sources and confidence,,,,
20260603191912665026,2026-06-03 19:24:19,en,scenario,25–34,Prefer not to say,Post-secondary / MCAST / Sixth Form,Weekly,3,Other,2.0,speed,Speed Limits,low,RAG (no transparency),,0.0,4.0,5.0,4.0,2.0,3.0,5.0,4.0,4.0,,,,,,
20260603191912665026,2026-06-03 19:26:07,en,scenario,25–34,Prefer not to say,Post-secondary / MCAST / Sixth Form,Weekly,3,Other,3.0,probe,Lending Your Car,medium,RAG + Transparency,Low,1.0,4.0,4.0,5.0,2.0,4.0,5.0,3.0,4.0,,,,,,
20260603192509523731,2026-06-03 19:26:18,en,scenario,18–24,Male,Bachelor's degree,Daily,4,English,1.0,speed,Speed Limits,low,Baseline,,0.0,3.0,3.0,2.0,1.0,2.0,3.0,3.0,3.0,,,,,,
20260603192509523731,2026-06-03 19:27:13,en,scenario,18–24,Male,Bachelor's degree,Daily,4,English,2.0,alcohol,Breath Test & Alcohol Limit,high,RAG (no transparency),,0.0,3.0,3.0,3.0,3.0,3.0,3.0,3.0,3.0,,,,,,
20260603191912665026,2026-06-03 19:27:36,en,scenario,25–34,Prefer not to say,Post-secondary / MCAST / Sixth Form,Weekly,3,Other,4.0,points,Penalty Points,medium,RAG + Transparency,High,0.0,4.0,4.0,5.0,3.0,3.0,4.0,3.0,4.0,,,,,,
20260603192509523731,2026-06-03 19:27:47,en,scenario,18–24,Male,Bachelor's degree,Daily,4,English,3.0,probe,Lending Your Car,medium,RAG + Transparency,Low,1.0,3.0,3.0,3.0,3.0,3.0,3.0,3.0,3.0,,,,,,
20260603191912665026,2026-06-03 19:27:54,en,final,25–34,Prefer not to say,Post-secondary / MCAST / Sixth Form,Weekly,3,Other,,,,,,,,,,,,,,,,"No, I did not notice",I trusted them about the same,,,,
20260603192509523731,2026-06-03 19:28:02,en,scenario,18–24,Male,Bachelor's degree,Daily,4,English,4.0,points,Penalty Points,medium,RAG + Transparency,High,0.0,5.0,5.0,5.0,5.0,5.0,5.0,5.0,5.0,,,,,,
20260603192509523731,2026-06-03 19:28:08,en,final,18–24,Male,Bachelor's degree,Daily,4,English,,,,,,,,,,,,,,,,"Yes, clearly",Answers that showed sources and confidence,,,,
20260603192939228137,2026-06-03 19:30:14,en,scenario,35–44,Female,Master's or higher,Monthly,3,English,1.0,alcohol,Breath Test & Alcohol Limit,high,Baseline,,0.0,4.0,4.0,4.0,3.0,4.0,4.0,4.0,4.0,,,,,,
20260603192939228137,2026-06-03 19:30:38,en,scenario,35–44,Female,Master's or higher,Monthly,3,English,2.0,points,Penalty Points,medium,RAG (no transparency),,0.0,5.0,4.0,5.0,2.0,3.0,4.0,4.0,4.0,,,,,,
20260603192939228137,2026-06-03 19:31:10,en,scenario,35–44,Female,Master's or higher,Monthly,3,English,3.0,probe,Lending Your Car,medium,RAG + Transparency,Low,1.0,3.0,3.0,3.0,4.0,3.0,3.0,3.0,3.0,,,,,,
20260603192939228137,2026-06-03 19:31:36,en,scenario,35–44,Female,Master's or higher,Monthly,3,English,4.0,speed,Speed Limits,low,RAG + Transparency,High,0.0,4.0,4.0,4.0,2.0,4.0,4.0,4.0,4.0,,,,,,
20260603192939228137,2026-06-03 19:31:45,en,final,35–44,Female,Master's or higher,Monthly,3,English,,,,,,,,,,,,,,,,"Yes, clearly",Answers that showed sources and confidence,,,,
20260603193003852549,2026-06-03 19:35:03,en,scenario,55+,Prefer not to say,Secondary or below,Rarely,3,Other,1.0,points,Penalty Points,medium,RAG (no transparency),,0.0,2.0,3.0,3.0,4.0,3.0,4.0,4.0,1.0,,,,,,
20260603193003852549,2026-06-03 19:36:00,en,scenario,55+,Prefer not to say,Secondary or below,Rarely,3,Other,2.0,speed,Speed Limits,low,Baseline,,0.0,4.0,4.0,3.0,5.0,3.0,2.0,3.0,5.0,,,,,,
20260603193003852549,2026-06-03 19:37:09,en,scenario,55+,Prefer not to say,Secondary or below,Rarely,3,Other,3.0,probe,Lending Your Car,medium,RAG + Transparency,Low,1.0,5.0,4.0,4.0,5.0,3.0,4.0,4.0,3.0,,,,,,
20260603193630677893,2026-06-03 19:38:00,en,scenario,45–54,Female,Master's or higher,Weekly,3,English,1.0,alcohol,Breath Test & Alcohol Limit,high,Baseline,,0.0,3.0,3.0,2.0,2.0,2.0,3.0,2.0,2.0,,,,,,
20260603193003852549,2026-06-03 19:38:17,en,scenario,55+,Prefer not to say,Secondary or below,Rarely,3,Other,4.0,alcohol,Breath Test & Alcohol Limit,high,RAG + Transparency,High,0.0,5.0,4.0,4.0,2.0,4.0,4.0,4.0,3.0,,,,,,
20260603193630677893,2026-06-03 19:38:30,en,scenario,45–54,Female,Master's or higher,Weekly,3,English,2.0,speed,Speed Limits,low,RAG (no transparency),,0.0,3.0,2.0,2.0,3.0,2.0,2.0,2.0,2.0,,,,,,
20260603193003852549,2026-06-03 19:38:39,en,final,55+,Prefer not to say,Secondary or below,Rarely,3,Other,,,,,,,,,,,,,,,,"No, I did not notice",I trusted them about the same,,,,
20260603193630677893,2026-06-03 19:39:00,en,scenario,45–54,Female,Master's or higher,Weekly,3,English,3.0,points,Penalty Points,medium,RAG + Transparency,High,0.0,5.0,5.0,5.0,1.0,5.0,5.0,5.0,4.0,,,,,,
20260603193630677893,2026-06-03 19:39:23,en,scenario,45–54,Female,Master's or higher,Weekly,3,English,4.0,probe,Lending Your Car,medium,RAG + Transparency,Low,1.0,3.0,3.0,3.0,3.0,3.0,3.0,3.0,3.0,,,,,,
20260603193630677893,2026-06-03 19:39:30,en,final,45–54,Female,Master's or higher,Weekly,3,English,,,,,,,,,,,,,,,,"Yes, clearly",Answers that showed sources and confidence,,,,
20260603193938850826,2026-06-03 19:42:11,en,scenario,35–44,Female,Bachelor's degree,Weekly,4,Both equally,1.0,speed,Speed Limits,low,RAG (no transparency),,0.0,4.0,2.0,3.0,3.0,4.0,4.0,3.0,1.0,,,,,,
20260603193938850826,2026-06-03 19:43:06,en,scenario,35–44,Female,Bachelor's degree,Weekly,4,Both equally,2.0,points,Penalty Points,medium,Baseline,,0.0,5.0,4.0,3.0,4.0,4.0,3.0,2.0,5.0,,,,,,
20260603193938850826,2026-06-03 19:44:04,en,scenario,35–44,Female,Bachelor's degree,Weekly,4,Both equally,3.0,alcohol,Breath Test & Alcohol Limit,high,RAG + Transparency,High,0.0,4.0,4.0,3.0,4.0,4.0,3.0,2.0,1.0,,,,,,
20260603193938850826,2026-06-03 19:45:25,en,scenario,35–44,Female,Bachelor's degree,Weekly,4,Both equally,4.0,probe,Lending Your Car,medium,RAG + Transparency,Low,1.0,5.0,3.0,2.0,4.0,1.0,2.0,2.0,1.0,,,,,,
20260603193938850826,2026-06-03 19:45:53,en,final,35–44,Female,Bachelor's degree,Weekly,4,Both equally,,,,,,,,,,,,,,,,"Yes, somewhat",Answers that showed sources and confidence,,,,
20260603194313087660,2026-06-03 19:46:55,en,scenario,18–24,Female,Post-secondary / MCAST / Sixth Form,Weekly,3,Other,1.0,points,Penalty Points,medium,RAG (no transparency),,0.0,3.0,3.0,3.0,3.0,3.0,3.0,3.0,3.0,,,,,,
20260603194313087660,2026-06-03 19:47:11,en,scenario,18–24,Female,Post-secondary / MCAST / Sixth Form,Weekly,3,Other,2.0,speed,Speed Limits,low,Baseline,,0.0,3.0,3.0,3.0,3.0,3.0,3.0,3.0,3.0,,,,,,
20260603194313087660,2026-06-03 19:47:36,en,scenario,18–24,Female,Post-secondary / MCAST / Sixth Form,Weekly,3,Other,3.0,alcohol,Breath Test & Alcohol Limit,high,RAG + Transparency,High,0.0,4.0,4.0,4.0,2.0,4.0,4.0,4.0,4.0,,,,,,
20260603194313087660,2026-06-03 19:47:55,en,scenario,18–24,Female,Post-secondary / MCAST / Sixth Form,Weekly,3,Other,4.0,probe,Lending Your Car,medium,RAG + Transparency,Low,1.0,3.0,3.0,3.0,3.0,3.0,3.0,3.0,3.0,,,,,,
20260603194313087660,2026-06-03 19:48:05,en,final,18–24,Female,Post-secondary / MCAST / Sixth Form,Weekly,3,Other,,,,,,,,,,,,,,,,"Yes, clearly",Answers that showed sources and confidence,,,,
